{
  "1a" : {"points":3, "question_id":"1a", "is_written":true, "is_coding":false, "is_online":false, "is_extra_credit":false},
  
  "1b" : {"points":5, "question_id":"1b", "is_written":true, "is_coding":false, "is_online":false, "is_extra_credit":false},
  
  "1c" : {"points":5, "question_id":"1c", "is_written":true, "is_coding":false, "is_online":false, "is_extra_credit":false},

  "2a" : {"points":1, "question_id":"2a", "is_written":true, "is_coding":false, "is_online":false, "is_extra_credit":false},

  "3a-0-basic" : {"points":1, "question_id":"3a", "is_written":false, "is_coding":true, "is_online":false, "is_extra_credit":false},
  
  "3a-1-basic" : {"points":1, "question_id":"3a", "is_written":false, "is_coding":true, "is_online":false, "is_extra_credit":false},
  
  "3a-2-hidden" : {"points":1, "question_id":"3a", "is_written":false, "is_coding":true, "is_online":false, "is_extra_credit":false},
  
  "3a-3-hidden" : {"points":1, "question_id":"3a", "is_written":false, "is_coding":true, "is_online":false, "is_extra_credit":false},

  "3b" : {"points":5, "question_id":"3b", "is_written":true, "is_coding":false, "is_online":false, "is_extra_credit":false},

  "4a-0-helper" : {"points":0, "question_id":"4a", "is_written":false, "is_coding":false, "is_online":true, "is_extra_credit":false},
  
  "4a-1-hidden" : {"points":3, "question_id":"4a", "is_written":false, "is_coding":false, "is_online":true, "is_extra_credit":false},

  "4b-0-helper" : {"points":0, "question_id":"4b", "is_written":false, "is_coding":false, "is_online":true, "is_extra_credit":false},

  "4b-1-hidden" : {"points":3, "question_id":"4b", "is_written":false, "is_coding":false, "is_online":true, "is_extra_credit":false},
    
  "4c-0-helper" : {"points":0, "question_id":"4c", "is_written":false, "is_coding":false, "is_online":true, "is_extra_credit":false},

  "4c-1-hidden" : {"points":3, "question_id":"4c", "is_written":false, "is_coding":false, "is_online":true, "is_extra_credit":false},

  "5a" : {"points":3, "question_id":"5a", "is_written":true, "is_coding":false, "is_online":false, "is_extra_credit":false},
  
  "5b-0-basic" : {"points":3, "question_id":"5b", "is_written":false, "is_coding":true, "is_online":false, "is_extra_credit":false},
  
  "5c-0-hidden" : {"points":3, "question_id":"5c", "is_written":false, "is_coding":true, "is_online":false, "is_extra_credit":false},
  
  "5d-0-hidden" : {"points":3, "question_id":"5d", "is_written":false, "is_coding":true, "is_online":false, "is_extra_credit":false},
  
  "5e-0-basic" : {"points":3, "question_id":"5e", "is_written":false, "is_coding":true, "is_online":false, "is_extra_credit":false},
  
  "5f-0-basic" : {"points":3, "question_id":"5f", "is_written":false, "is_coding":true, "is_online":false, "is_extra_credit":false},

  "5g-0-hidden" : {"points":3, "question_id":"5g", "is_written":false, "is_coding":true, "is_online":false, "is_extra_credit":false},

  "6a-0-basic" : {"points":1, "question_id":"6a", "is_written":false, "is_coding":true, "is_online":false, "is_extra_credit":false},

  "6a-1-hidden" : {"points":2, "question_id":"6a", "is_written":false, "is_coding":true, "is_online":false, "is_extra_credit":false},
  
  "6b-0-hidden" : {"points":1.5, "question_id":"6b", "is_written":false, "is_coding":true, "is_online":false, "is_extra_credit":false},

  "6b-1-hidden" : {"points":1.5, "question_id":"6b", "is_written":false, "is_coding":true, "is_online":false, "is_extra_credit":false},

  "6c-0-helper" : {"points":0, "question_id":"6c", "is_written":false, "is_coding":false, "is_online":true, "is_extra_credit":false},

  "6c-1-hidden" : {"points":3, "question_id":"6c", "is_written":false, "is_coding":false, "is_online":true, "is_extra_credit":false},

  "7a-0-helper" : {"points":0, "question_id":"7a", "is_written":false, "is_coding":false, "is_online":true, "is_extra_credit":false},

  "7a-1-hidden" : {"points":3, "question_id":"7a", "is_written":false, "is_coding":false, "is_online":true, "is_extra_credit":false},
  
  "7b-0-hidden" : {"points":5, "question_id":"7b", "is_written":false, "is_coding":true, "is_online":false, "is_extra_credit":false},

  "7c-0-helper" : {"points":0, "question_id":"7c", "is_written":false, "is_coding":false, "is_online":true, "is_extra_credit":false},
  "7c-1-hidden" : {"points":1, "question_id":"7c", "is_written":false, "is_coding":false, "is_online":true, "is_extra_credit":false},

  "7d-0-helper" : {"points":0, "question_id":"7d", "is_written":false, "is_coding":false, "is_online":true, "is_extra_credit":false}, 
  "7d-1-hidden" : {"points":1, "question_id":"7d", "is_written":false, "is_coding":false, "is_online":true, "is_extra_credit":false}, 

  "7e-0-helper" : {"points":0, "question_id":"7e", "is_written":false, "is_coding":false, "is_online":true, "is_extra_credit":false},
  "7e-1-hidden" : {"points":1, "question_id":"7e", "is_written":false, "is_coding":false, "is_online":true, "is_extra_credit":false}
}